login,name,total_repos,total_stars_received,total_forks_received,avg_stars_per_repo,account_age_days,repos_per_year,followers,following,follower_ratio,h_index,impact_score,primary_language_1,primary_language_2,primary_language_3,language_diversity,industries_served,primary_industry,has_readme_pct,has_license_pct,total_open_issues,days_since_last_push,is_active,contribution_consistency
07Gond,Gerson Niño Díaz,1,21,2,21.0,4881,0.07477975824626101,45,55,0.8181818181818182,1,70,JavaScript,,,1,1,J,1.0,1.0,20,1064.0,False,0.0
2003scott,Diego Scott,0,0,0,0.0,1491,0.0,44,20,2.2,0,44,,,,0,0,,0.0,0.0,0,,False,0.0
A-PachecoT,André Pacheco,1,7,3,7.0,1494,0.24431057563587685,26,30,0.8666666666666667,1,39,JavaScript,,,1,1,J,1.0,0.0,0,431.0,False,0.0
AAL1X,LeoBravo,0,0,0,0.0,1108,0.0,81,67,1.208955223880597,0,81,,,,0,0,,0.0,0.0,0,,False,0.0
abelmiraval,Abel Miraval,0,0,0,0.0,2988,0.0,26,282,0.09219858156028368,0,26,,,,0,0,,0.0,0.0,0,,False,0.0
AbelTarazona,Abel Tarazona,2,50,18,25.0,3956,0.1845298281092012,70,106,0.660377358490566,2,156,Kotlin,,,1,2,Q,0.5,0.5,0,1676.0,False,0.0
adagio,Edu F,0,0,0,0.0,6532,0.0,83,211,0.3933649289099526,0,83,,,,0,0,,0.0,0.0,0,,False,0.0
adelgadop,Alejandro Delgado (Jano),1,12,3,12.0,2438,0.14971287940935193,35,32,1.09375,1,53,Jupyter Notebook,,,1,1,M,1.0,0.0,0,1871.0,False,0.0
aghersidev,Andres Ghersi,0,0,0,0.0,853,0.0,106,180,0.5888888888888889,0,106,,,,0,0,,0.0,0.0,0,,False,0.0
aguerraquispe,Abel Guerra,0,0,0,0.0,2151,0.0,39,54,0.7222222222222222,0,39,,,,0,0,,0.0,0.0,0,,False,0.0
Akaidmaru,Reddmar J. Quevedo C.,0,0,0,0.0,3861,0.0,36,58,0.6206896551724138,0,36,,,,0,0,,0.0,0.0,0,,False,0.0
aleiva17,Andrés Leiva,1,7,3,7.0,1987,0.18369401107196778,54,11,4.909090909090909,1,67,C++,,,1,1,P,1.0,1.0,0,1205.0,False,0.0
Alejandro1709,Alejandro,0,0,0,0.0,2155,0.0,46,91,0.5054945054945055,0,46,,,,0,0,,0.0,0.0,0,,False,0.0
Alejosor,Alejandro Soriano,0,0,0,0.0,1433,0.0,25,38,0.6578947368421053,0,25,,,,0,0,,0.0,0.0,0,,False,0.0
Alessandrito123,Alessandrito123,1,7,2,7.0,1910,0.19109947643979058,29,106,0.27358490566037735,1,40,JavaScript,,,1,1,J,0.0,0.0,0,395.0,False,0.0
alessapereyra,Alessandra Pereyra Rabanal,0,0,0,0.0,5938,0.0,60,2,30.0,0,60,,,,0,0,,0.0,0.0,0,,False,0.0
AlexanderPrincipe,Alexander Príncipe Tolentino,0,0,0,0.0,3128,0.0,33,39,0.8461538461538461,0,33,,,,0,0,,0.0,0.0,0,,False,0.0
alexmarinmendez,Alex Marin Mendez,4,60,4,15.0,1878,0.777422790202343,176,7,25.142857142857142,4,244,JavaScript,HTML,,2,2,J,0.75,0.0,0,1230.0,False,0.0
AlfredoAmez-Data,Alfredo Diego Amez Mendes,1,51,0,51.0,273,1.336996336996337,98,0,98.0,1,149,,,,0,1,P,0.0,0.0,11,273.0,False,1.0
alfredopalhares,Alfredo Palhares,8,571,168,71.375,5843,0.49974328256032857,74,45,1.6444444444444444,6,981,Shell,Lua,C,4,1,J,1.0,0.125,29,594.0,False,0.0
AliceRamirez17,Alice Ramírez,0,0,0,0.0,2224,0.0,42,65,0.6461538461538462,0,42,,,,0,0,,0.0,0.0,0,,False,0.0
allisonvp,Allison Velarde Polar,0,0,0,0.0,2360,0.0,52,40,1.3,0,52,,,,0,0,,0.0,0.0,0,,False,0.0
AlmeAld,Almendra Maraví,0,0,0,0.0,2228,0.0,42,64,0.65625,0,42,,,,0,0,,0.0,0.0,0,,False,0.0
AlonsoCN,Luis Alonso,0,0,0,0.0,5221,0.0,27,91,0.2967032967032967,0,27,,,,0,0,,0.0,0.0,0,,False,0.0
AlonsoErnesto,3RN35T0#93,0,0,0,0.0,2626,0.0,33,55,0.6,0,33,,,,0,0,,0.0,0.0,0,,False,0.0
alonsofalconi,Alonso Falconi,0,0,0,0.0,1813,0.0,36,24,1.5,0,36,,,,0,0,,0.0,0.0,0,,False,0.0
ambarja,Antony Barja ,7,95,21,13.571428571428571,3416,0.7479508196721312,257,464,0.5538793103448276,7,394,JavaScript,R,TeX,4,2,M,1.0,0.5714285714285714,4,3.0,True,0.14285714285714285
And0re,André Távara,0,0,0,0.0,3249,0.0,39,43,0.9069767441860465,0,39,,,,0,0,,0.0,0.0,0,,False,0.0
Anders87x,AnderCode,11,159,131,14.454545454545455,3533,1.1364279649023492,296,8,37.0,7,717,HTML,JavaScript,PHP,4,4,J,1.0,0.0,124,1001.0,False,0.0
Android-Dev-Peru,Android Dev Peru,6,74,13,12.333333333333334,3503,0.6251784184984299,52,0,52.0,6,152,HTML,Kotlin,Java,3,2,J,1.0,0.16666666666666666,4,127.0,False,0.3333333333333333
android-sos,Samuel Ospina,1,8,3,8.0,4455,0.0819304152637486,35,26,1.3461538461538463,1,49,JavaScript,,,1,1,J,1.0,0.0,0,3601.0,False,0.0
andru255,Andrés Muñoz,2,13,12,6.5,5449,0.1339695356946229,171,852,0.2007042253521127,2,208,JavaScript,TypeScript,,2,2,R,1.0,0.0,0,3297.0,False,0.0
angelnunezsalazar,Angel Nuñez,2,18,21,9.0,6020,0.1212624584717608,54,7,7.714285714285714,2,114,C#,PowerShell,,2,1,J,1.0,0.5,1,2351.0,False,0.0
annaabsi,Anna Absi,0,0,0,0.0,3303,0.0,30,36,0.8333333333333334,0,30,,,,0,0,,0.0,0.0,0,,False,0.0
annalbirena,Anna Albirena,0,0,0,0.0,3146,0.0,36,91,0.3956043956043956,0,36,,,,0,0,,0.0,0.0,0,,False,0.0
AnthonyLzq,Anthony Luzquiños,2,66,4,33.0,2746,0.26584122359796064,47,26,1.8076923076923077,2,121,TypeScript,JavaScript,,2,1,J,1.0,1.0,6,11.0,True,1.0
apholdings,SoloPython,24,424,142,17.666666666666668,2698,3.2468495181616013,674,0,674.0,11,1382,Python,JavaScript,HTML,5,4,J,0.4166666666666667,0.20833333333333334,5,580.0,False,0.0
apiconz,Armando Picón (@devpicon / @apiconz),0,0,0,0.0,5314,0.0,42,21,2.0,0,42,,,,0,0,,0.0,0.0,0,,False,0.0
Aquima,RAUL QUISPE,0,0,0,0.0,4985,0.0,43,46,0.9347826086956522,0,43,,,,0,0,,0.0,0.0,0,,False,0.0
aragonc,Alex Aragon Calixto,0,0,0,0.0,4852,0.0,61,33,1.8484848484848484,0,61,,,,0,0,,0.0,0.0,0,,False,0.0
ArturoDeza,Arturo,5,78,10,15.6,5197,0.3511641331537425,77,111,0.6936936936936937,5,175,Matlab,Lua,Python,4,2,M,1.0,0.6,1,1787.0,False,0.0
arturopuente,Arturo Puente,0,0,0,0.0,6119,0.0,39,4,9.75,0,39,,,,0,0,,0.0,0.0,0,,False,0.0
asullom,Angel Sullon,0,0,0,0.0,4806,0.0,42,0,42.0,0,42,,,,0,0,,0.0,0.0,0,,False,0.0
atejada,Blag,1,9,1,9.0,5288,0.06902420574886535,47,15,3.1333333333333333,1,58,Python,,,1,1,J,1.0,1.0,0,524.0,False,0.0
avelasquezn,Angel Velasquez,0,0,0,0.0,5961,0.0,173,2,86.5,0,173,,,,0,0,,0.0,0.0,0,,False,0.0
bdiazc90,Bruno Díaz,1,10,2,10.0,3546,0.10293288212069937,48,16,3.0,1,62,TypeScript,,,1,1,J,1.0,0.0,0,167.0,False,1.0
bilthon,Bilthon,2,64,34,32.0,5024,0.14530254777070065,47,5,9.4,2,179,Java,,,1,2,H,1.0,0.5,6,3067.0,False,0.0
bitmakerla,Bitmaker,1,195,18,195.0,2797,0.13049696102967465,27,0,27.0,1,258,TypeScript,,,1,1,J,1.0,1.0,13,51.0,True,1.0
bjrmatos,BJR Matos,7,303,39,43.285714285714285,4706,0.5429239269018274,155,38,4.078947368421052,7,536,JavaScript,,,1,2,J,1.0,0.8571428571428571,39,111.0,False,0.14285714285714285
blashstar,Joffré Sánchez,0,0,0,0.0,5324,0.0,48,131,0.366412213740458,0,48,,,,0,0,,0.0,0.0,0,,False,0.0
BracoZS,BracoZS,2,15,3,7.5,1476,0.494579945799458,355,343,1.0349854227405249,2,376,C#,,,1,1,J,1.0,1.0,0,3.0,True,1.0
bralegz,Bryan Alegria,0,0,0,0.0,1752,0.0,62,82,0.7560975609756098,0,62,,,,0,0,,0.0,0.0,0,,False,0.0
brian-emarquez,Brian Marquez Inca Roca,3,53,15,17.666666666666668,3995,0.27409261576971217,218,605,0.3603305785123967,3,301,Python,C++,Java,3,1,P,1.0,1.0,4,181.0,False,0.3333333333333333
brianmsm,Brian Norman Peña Calero,0,0,0,0.0,3241,0.0,40,217,0.18433179723502305,0,40,,,,0,0,,0.0,0.0,0,,False,0.0
brianshoegaze04,Brian Gabriel Hurtado Moreno,0,0,0,0.0,968,0.0,49,52,0.9423076923076923,0,49,,,,0,0,,0.0,0.0,0,,False,0.0
bryanstgarcia,Bryan García,0,0,0,0.0,3162,0.0,50,49,1.0204081632653061,0,50,,,,0,0,,0.0,0.0,0,,False,0.0
ByJuanDiego,Juan Diego Castro Padilla,1,7,0,7.0,1853,0.19697787371829464,51,54,0.9444444444444444,1,58,C++,,,1,1,J,1.0,1.0,0,924.0,False,0.0
calderonsamuel,Samuel Calderon,0,0,0,0.0,3588,0.0,45,15,3.0,0,45,,,,0,0,,0.0,0.0,0,,False,0.0
camilams27,Camila Silva,0,0,0,0.0,2057,0.0,51,39,1.3076923076923077,0,51,,,,0,0,,0.0,0.0,0,,False,0.0
carlosal1015,Oromion,2,166,56,83.0,3487,0.20934901061084024,423,9716,0.043536434746809384,2,701,C++,,,1,1,P,1.0,0.0,2,2282.0,False,0.0
carlosgub,Carlos Ugaz,8,137,21,17.125,3138,0.9305289993626513,62,18,3.4444444444444446,7,241,Kotlin,HTML,,2,3,J,1.0,0.625,1,119.0,False,0.25
carloshs92,Carlos,0,0,0,0.0,5164,0.0,27,34,0.7941176470588235,0,27,,,,0,0,,0.0,0.0,0,,False,0.0
CarlosIgreda,Carlos Jesús Igreda Rivas,16,268,3,16.75,1240,4.709677419354839,91,294,0.30952380952380953,13,365,JavaScript,HTML,CSS,3,2,J,1.0,0.75,0,1020.0,False,0.0
CatRivas,Catherine Rivas,0,0,0,0.0,1125,0.0,35,53,0.660377358490566,0,35,,,,0,0,,0.0,0.0,0,,False,0.0
ccarruitero,César Carruitero,1,481,104,481.0,5231,0.06977633339705601,42,0,42.0,1,731,JavaScript,,,1,1,P,1.0,1.0,20,1014.0,False,0.0
cesjam7,César Jefferson Aquino Maximiliano,1,12,14,12.0,4646,0.07856220404649161,36,25,1.44,1,76,JavaScript,,,1,1,H,0.0,0.0,0,3647.0,False,0.0
chijure,Jhuan Reategui Solis,1,11,1,11.0,4325,0.08439306358381503,30,233,0.12875536480686695,1,43,Java,,,1,1,R,1.0,0.0,0,0.0,True,1.0
ChrisADR,Christopher Díaz,2,24,15,12.0,3826,0.19079979090433874,40,0,40.0,2,94,C,Python,,2,1,J,1.0,1.0,0,1268.0,False,0.0
CindyMendoza,,0,0,0,0.0,3371,0.0,51,259,0.1969111969111969,0,51,,,,0,0,,0.0,0.0,0,,False,0.0
cjosue15,Carlos Morales,3,38,13,12.666666666666666,2466,0.4440389294403893,92,14,6.571428571428571,3,156,TypeScript,,,1,1,J,1.0,0.0,0,436.0,False,0.0
claudiamp,Claudia Márquez,0,0,0,0.0,4804,0.0,27,3,9.0,0,27,,,,0,0,,0.0,0.0,0,,False,0.0
claydergc,Clayder Gonzalez,4,177,47,44.25,4042,0.3612073231073726,42,30,1.4,4,313,C++,,,1,2,M,1.0,0.25,17,1675.0,False,0.0
codeableorg,Codeable,0,0,0,0.0,2559,0.0,159,0,159.0,0,159,,,,0,0,,0.0,0.0,0,,False,0.0
CodigoCristo,Codigo Cristo ,6,451,102,75.16666666666667,3013,0.7268503153003651,109,3,36.333333333333336,6,764,C,Shell,HTML,3,1,J,0.8333333333333334,0.0,14,0.0,True,0.16666666666666666
CodigoEstudiante,Codigo Estudiante,18,229,100,12.722222222222221,1454,4.518569463548831,614,1,614.0,10,1043,C#,JavaScript,LLVM,5,6,G,0.16666666666666666,0.8333333333333334,2,638.0,False,0.0
collectivecloudperu,Nube Colectiva,4,32,19,8.0,3995,0.36545682102628285,132,5,26.4,4,202,PHP,JavaScript,HTML,3,1,J,1.0,0.0,40,30.0,True,0.25
coloradomarin,Herman Marin,0,0,0,0.0,4709,0.0,28,2,14.0,0,28,,,,0,0,,0.0,0.0,0,,False,0.0
condef5,Frank Condezo,0,0,0,0.0,3496,0.0,70,201,0.3482587064676617,0,70,,,,0,0,,0.0,0.0,0,,False,0.0
CoreyKaylor,Corey Kaylor,3,481,101,160.33333333333334,6040,0.18129139072847683,67,5,13.4,3,750,C#,Lua,,2,1,J,0.3333333333333333,0.6666666666666666,3,52.0,True,0.6666666666666666
cpinan,Carlos Eduardo Piñán Indacochea,5,121,78,24.2,5271,0.3462341111743502,113,57,1.9824561403508771,5,390,C++,Kotlin,D,3,2,R,1.0,0.2,4,1811.0,False,0.0
crafter-station,Crafter Station,21,1174,123,55.904761904761905,1183,6.479289940828402,111,0,111.0,13,1531,TypeScript,Python,Rust,3,5,J,1.0,0.2857142857142857,110,1.0,True,1.0
CraterMaik,Crater,6,122,39,20.333333333333332,3065,0.7145187601957587,161,7,23.0,6,361,JavaScript,HTML,,2,2,J,1.0,0.8333333333333334,13,360.0,False,0.16666666666666666
CriscelyLP,Criscely Luján Paredes,0,0,0,0.0,4431,0.0,54,69,0.782608695652174,0,54,,,,0,0,,0.0,0.0,0,,False,0.0
cristianbgp,Cristian Granda,1,12,2,12.0,4224,0.08641098484848485,44,64,0.6875,1,60,TypeScript,,,1,1,K,1.0,1.0,0,545.0,False,0.0
CristianLazoQuispe,Cristian Lazo Quispe,1,11,2,11.0,3128,0.11668797953964195,27,13,2.076923076923077,1,42,Jupyter Notebook,,,1,1,Q,1.0,0.0,0,2279.0,False,0.0
CristianLlanos,Cristian Llanos,0,0,0,0.0,4421,0.0,40,21,1.9047619047619047,0,40,,,,0,0,,0.0,0.0,0,,False,0.0
CS2031-DBP,,0,0,0,0.0,943,0.0,68,0,68.0,0,68,,,,0,0,,0.0,0.0,0,,False,0.0
csaybar,Cesar Aybar,12,554,237,46.166666666666664,3708,1.181229773462783,555,67,8.283582089552239,8,1583,R,Jupyter Notebook,Python,4,4,M,0.9166666666666666,0.3333333333333333,23,362.0,False,0.08333333333333333
csswoman,Karla Agraz,0,0,0,0.0,2488,0.0,192,111,1.7297297297297298,0,192,,,,0,0,,0.0,0.0,0,,False,0.0
cuevaio,anthony,1,9,0,9.0,1777,0.20540236353404617,78,39,2.0,1,87,TypeScript,,,1,1,J,1.0,1.0,5,225.0,False,1.0
Cuica20,Javier Richard Cuicapuza Antonio,1,8,4,8.0,4577,0.07974655888136334,40,33,1.2121212121212122,1,56,Java,,,1,1,P,1.0,0.0,0,3313.0,False,0.0
culqi,CULQI,8,111,115,13.875,3867,0.7551073183346264,35,0,35.0,7,376,PHP,Java,Python,5,1,K,1.0,0.875,70,23.0,True,0.125
d4n3436,d4n,7,275,42,39.285714285714285,2839,0.8999647763296935,33,2,16.5,7,392,C#,Kotlin,AutoHotkey,4,2,J,1.0,1.0,12,67.0,True,0.42857142857142855
dairdev,Dennis,1,27,4,27.0,5247,0.06956356012959787,38,80,0.475,1,73,,,,0,1,R,1.0,0.0,2,4108.0,False,0.0
dalessandro07,Diego Alessandro Rios Villegas,0,0,0,0.0,1656,0.0,29,41,0.7073170731707317,0,29,,,,0,0,,0.0,0.0,0,,False,0.0
damariis13,Damaris D.,0,0,0,0.0,1939,0.0,39,18,2.1666666666666665,0,39,,,,0,0,,0.0,0.0,0,,False,0.0
daneelsan,Daniel Sanchez,4,161,12,40.25,2833,0.5153547476173668,25,12,2.0833333333333335,4,210,Zig,,,1,1,J,1.0,0.25,4,90.0,False,0.5
DaniCodex,DaniCodex,7,215,456,30.714285714285715,1751,1.459166190748144,159,0,159.0,7,1286,CSS,HTML,,2,2,R,1.0,0.0,48,399.0,False,0.0
danidelgadoz,Daniel Delgado,4,125,31,31.25,3966,0.3681290973272819,51,13,3.923076923076923,4,238,TypeScript,HTML,,2,1,J,1.0,0.0,20,3.0,True,0.25
Daniee19,Daniel Castañeda,0,0,0,0.0,941,0.0,35,10,3.5,0,35,,,,0,0,,0.0,0.0,0,,False,0.0
daniel24aaa,Danny Arteaga,1,18,89,18.0,1037,0.351976856316297,35,0,35.0,1,231,,,,0,1,J,0.0,0.0,7,724.0,False,0.0
Danielalab,Daniela Gonzales,0,0,0,0.0,3092,0.0,34,11,3.090909090909091,0,34,,,,0,0,,0.0,0.0,0,,False,0.0
DanielEdu,Daniel Eduardo Portugal Revilla,0,0,0,0.0,4327,0.0,42,19,2.210526315789474,0,42,,,,0,0,,0.0,0.0,0,,False,0.0
danielfuentes,Ángel Daniel Fuentes Segura,7,88,80,12.571428571428571,4651,0.5493442270479467,839,744,1.1276881720430108,7,1087,PHP,JavaScript,EJS,3,3,J,1.0,0.0,2,908.0,False,0.0
dannxvc,Danna Vila,1,7,1,7.0,1691,0.21584861028976937,34,20,1.7,1,43,JavaScript,,,1,1,J,1.0,0.0,0,1235.0,False,0.0
darwinva97,DarwinVA,0,0,0,0.0,3169,0.0,43,125,0.344,0,43,,,,0,0,,0.0,0.0,0,,False,0.0
DataEngineering-LATAM,Data Engineering Latam,6,175,64,29.166666666666668,1603,1.3661883967560824,119,0,119.0,6,422,Jupyter Notebook,Python,,2,3,P,1.0,0.0,0,800.0,False,0.0
DataScienceResearchPeru,Data Science Research Peru,8,1042,327,130.25,2811,1.0387762362148703,174,0,174.0,7,1870,Jupyter Notebook,,,1,4,P,1.0,0.25,12,561.0,False,0.0
Dav082004,David Angel Contreras Palacios,0,0,0,0.0,1969,0.0,60,47,1.2765957446808511,0,60,,,,0,0,,0.0,0.0,0,,False,0.0
davidcarrillo10288,David Carrillo Castillo,0,0,0,0.0,1422,0.0,33,38,0.868421052631579,0,33,,,,0,0,,0.0,0.0,0,,False,0.0
dbritto-dev,Danilo Britto,0,0,0,0.0,5065,0.0,97,27,3.5925925925925926,0,97,,,,0,0,,0.0,0.0,0,,False,0.0
dcajasn,Riskfolio,2,3825,613,1912.5,2208,0.33061594202898553,503,0,503.0,2,5554,C++,Jupyter Notebook,,2,1,K,1.0,0.5,0,7.0,True,0.5
Dedal0,Camilo Galdos AkA Dedalo,1,11,4,11.0,4582,0.07965953731994761,93,5,18.6,1,112,CSS,,,1,1,J,1.0,0.0,0,4485.0,False,0.0
defunkydrummer,defunkydrummer,6,192,18,32.0,3203,0.6837339993755853,62,68,0.9117647058823529,6,290,Common Lisp,,,1,3,J,1.0,0.8333333333333334,11,1375.0,False,0.0
DeluxeAlonso,Alonso Alvarez,6,663,82,110.5,4176,0.5244252873563219,102,11,9.272727272727273,6,929,Swift,,,1,2,J,1.0,0.5,3,263.0,False,0.3333333333333333
derekcrosslu,Derek Cross,0,0,0,0.0,4755,0.0,29,51,0.5686274509803921,0,29,,,,0,0,,0.0,0.0,0,,False,0.0
desdelinux,Luigys [Vauxoo],1,394,109,394.0,2489,0.14664523905182805,43,16,2.6875,1,655,,,,0,1,J,1.0,1.0,6,144.0,False,1.0
devaige,Aige,3,5508,1236,1836.0,4225,0.25917159763313613,1178,1,1178.0,3,9158,Java,Kotlin,,2,1,J,1.0,0.6666666666666666,66,3.0,True,0.3333333333333333
DevElCuy,Fernando,1,18,6,18.0,5775,0.0632034632034632,40,15,2.6666666666666665,1,70,Lua,,,1,1,J,1.0,1.0,1,528.0,False,0.0
DeveloperRafael1996,Rafael Guevara Aller,0,0,0,0.0,3083,0.0,34,11,3.090909090909091,0,34,,,,0,0,,0.0,0.0,0,,False,0.0
DevPianist,Sandro Delgadillo,2,36,18,18.0,2605,0.2802303262955854,82,224,0.36607142857142855,2,154,Dart,,,1,2,J,1.0,0.0,0,2184.0,False,0.0
diegomc365,Diego Matienzo,0,0,0,0.0,3132,0.0,107,160,0.66875,0,107,,,,0,0,,0.0,0.0,0,,False,0.0
diegotc86,Diego Torres,0,0,0,0.0,3406,0.0,99,10,9.9,0,99,,,,0,0,,0.0,0.0,0,,False,0.0
DominidM,Juan Dominid Muñoz Eslava ,0,0,0,0.0,903,0.0,38,57,0.6666666666666666,0,38,,,,0,0,,0.0,0.0,0,,False,0.0
DominikMendoza,Dominik Mendoza Ramos,0,0,0,0.0,1672,0.0,43,27,1.5925925925925926,0,43,,,,0,0,,0.0,0.0,0,,False,0.0
donycisne,Dony Cisneros,0,0,0,0.0,3527,0.0,51,232,0.21982758620689655,0,51,,,,0,0,,0.0,0.0,0,,False,0.0
dreyna,David Reyna Barreto,0,0,0,0.0,4758,0.0,48,0,48.0,0,48,,,,0,0,,0.0,0.0,0,,False,0.0
drkdevv1,Jose Calderon,0,0,0,0.0,1428,0.0,35,33,1.0606060606060606,0,35,,,,0,0,,0.0,0.0,0,,False,0.0
dwyazzo90,David Joaq (also known as Rowell),0,0,0,0.0,1207,0.0,27,33,0.8181818181818182,0,27,,,,0,0,,0.0,0.0,0,,False,0.0
dyegofelipe08,Dyego Felipe de Oliveira ,0,0,0,0.0,1816,0.0,34,64,0.53125,0,34,,,,0,0,,0.0,0.0,0,,False,0.0
EDavidAQ,David Allende Quintana,0,0,0,0.0,3486,0.0,47,17,2.764705882352941,0,47,,,,0,0,,0.0,0.0,0,,False,0.0
ederivero,Eduardo de Rivero Manrique,0,0,0,0.0,4647,0.0,67,12,5.583333333333333,0,67,,,,0,0,,0.0,0.0,0,,False,0.0
edeustua,J. Emiliano Deustua,0,0,0,0.0,4498,0.0,29,82,0.35365853658536583,0,29,,,,0,0,,0.0,0.0,0,,False,0.0
edgefirst-dev,Edge-first,11,353,11,32.09090909090909,672,5.974702380952381,35,0,35.0,9,410,TypeScript,,,1,1,J,1.0,0.9090909090909091,26,6.0,True,0.9090909090909091
EduDev06,Eduardo Paucar,2,28,7,14.0,1602,0.4556803995006242,26,0,26.0,2,68,Kotlin,,,1,2,J,1.0,0.0,0,1379.0,False,0.0
edutrul,Eduardo Telaya,0,0,0,0.0,5100,0.0,83,114,0.7280701754385965,0,83,,,,0,0,,0.0,0.0,0,,False,0.0
edwinpgm,Edwin Gonzales,0,0,0,0.0,4811,0.0,60,27,2.2222222222222223,0,60,,,,0,0,,0.0,0.0,0,,False,0.0
edwinrhc,Edwin HC,0,0,0,0.0,3043,0.0,42,62,0.6774193548387096,0,42,,,,0,0,,0.0,0.0,0,,False,0.0
efrainbautista,Efrain Bautista,0,0,0,0.0,4200,0.0,47,0,47.0,0,47,,,,0,0,,0.0,0.0,0,,False,0.0
El-Palomo,Omar Palomino,1,22,6,22.0,4881,0.07477975824626101,28,0,28.0,1,62,Python,,,1,1,J,1.0,0.0,0,1525.0,False,0.0
elbereth,Alexandre Devilliers,2,264,61,132.0,5086,0.14353126228863547,55,0,55.0,2,441,Pascal,JavaScript,,2,2,R,1.0,0.5,127,476.0,False,0.0
elisealcala,Elizabeth Alcalá,2,112,33,56.0,3698,0.19740400216333154,58,59,0.9830508474576272,2,236,JavaScript,CSS,,2,1,J,1.0,0.0,25,1143.0,False,0.0
elliotgaramendi,Elliot Leo Garamendi Sarmiento,4,665,184,166.25,2189,0.6669712197350388,281,3,93.66666666666667,4,1314,HTML,Python,,2,2,P,1.0,0.0,0,2.0,True,0.75
emedinaa,Eduardo José Medina Alfaro,13,739,177,56.84615384615385,5759,0.8239277652370203,506,761,0.6649145860709592,9,1599,Kotlin,Java,,2,2,J,1.0,0.15384615384615385,5,1008.0,False,0.0
Emerson-Portugal,emersoncrp,1,7,6,7.0,1830,0.19945355191256833,28,8,3.5,1,47,,,,0,1,J,1.0,0.0,0,782.0,False,0.0
Enriquefft,Enrique Flores,1,148,17,148.0,2240,0.16294642857142858,53,104,0.5096153846153846,1,235,Go,,,1,1,J,1.0,1.0,2,0.0,True,1.0
enzoftware,Enzo Lizama Paredes ,8,338,105,42.25,3462,0.8434430964760253,304,1332,0.22822822822822822,7,852,Kotlin,Dart,Java,4,5,J,1.0,0.0,20,5.0,True,0.125
eporroa,Erik Porroa,0,0,0,0.0,5870,0.0,41,57,0.7192982456140351,0,41,,,,0,0,,0.0,0.0,0,,False,0.0
EricJara,Eric Jara,0,0,0,0.0,3070,0.0,42,23,1.826086956521739,0,42,,,,0,0,,0.0,0.0,0,,False,0.0
ErickChacon,Dr. Erick A. Chacón Montalván,1,9,2,9.0,4295,0.08498253783469151,49,15,3.2666666666666666,1,62,TeX,,,1,1,M,0.0,1.0,0,2496.0,False,0.0
erickdc7,Erick Díaz,4,198,187,49.5,1792,0.8147321428571428,81,5,16.2,4,653,HTML,CSS,,2,4,I,0.75,0.0,26,693.0,False,0.0
erickorlando,Erick Orlando ©,5,81,31,16.2,4857,0.3757463454807494,113,13,8.692307692307692,5,256,C#,,,1,3,K,1.0,0.8,2,288.0,False,0.2
ernestcr,"Professor Ernesto C.R., George Washington University (www.gwu.edu)",3,26,26,8.666666666666666,3983,0.274918403213658,64,173,0.3699421965317919,3,142,Python,,,1,1,K,1.0,1.0,3,1086.0,False,0.0
escueladigital,EDteam,7,538,493,76.85714285714286,4075,0.6269938650306748,1000,0,1000.0,7,2524,CSS,JavaScript,SCSS,3,2,J,1.0,0.7142857142857143,43,1110.0,False,0.0
espinozasenior,Luis J. Espinoza,0,0,0,0.0,4811,0.0,65,242,0.26859504132231404,0,65,,,,0,0,,0.0,0.0,0,,False,0.0
ex,me,2,95,20,47.5,6106,0.11955453652145431,31,18,1.7222222222222223,2,166,C,,,1,2,J,1.0,1.0,0,10.0,True,0.5
eyllanesc,Edwin Yllanes,6,436,339,72.66666666666667,4640,0.47198275862068967,265,1,265.0,6,1379,C++,Python,CMake,3,1,J,0.8333333333333334,1.0,16,1.0,True,0.16666666666666666
f1729,Luis,0,0,0,0.0,3416,0.0,44,68,0.6470588235294118,0,44,,,,0,0,,0.0,0.0,0,,False,0.0
FatimaGR,Fátima Gallardo,0,0,0,0.0,1502,0.0,35,57,0.6140350877192983,0,35,,,,0,0,,0.0,0.0,0,,False,0.0
felipechang,Felipe Chang,2,38,35,19.0,3035,0.24052718286655683,41,70,0.5857142857142857,2,149,JavaScript,,,1,1,J,1.0,1.0,1,728.0,False,0.0
FooTalentGroup,Foo Talent Group,0,0,0,0.0,1194,0.0,40,0,40.0,0,40,,,,0,0,,0.0,0.0,0,,False,0.0
FraGoTe,Francis Gonzales,1,19,136,19.0,5278,0.06915498294808639,67,44,1.5227272727272727,1,358,JavaScript,,,1,1,J,1.0,0.0,0,2929.0,False,0.0
FranchescaF,Franchesca Fatima Zelaya Contreras,0,0,0,0.0,1626,0.0,49,97,0.5051546391752577,0,49,,,,0,0,,0.0,0.0,0,,False,0.0
FranciscoAscue,Francisco Ascue Orosco,0,0,0,0.0,2330,0.0,27,4,6.75,0,27,,,,0,0,,0.0,0.0,0,,False,0.0
franciscorosales-marticorena,Francisco Rosales Marticorena,0,0,0,0.0,3082,0.0,51,0,51.0,0,51,,,,0,0,,0.0,0.0,0,,False,0.0
Franklin369,codigo369.com,12,270,181,22.5,2147,2.040055891942245,439,0,439.0,8,1071,JavaScript,CSS,C#,5,6,J,0.4166666666666667,0.0,2,712.0,False,0.0
frontend-3,Elizabeth Manrique,1,9,2,9.0,4785,0.07628004179728318,43,31,1.3870967741935485,1,56,HTML,,,1,1,J,0.0,0.0,0,3682.0,False,0.0
fvalverdeu,Fernando Valverde Uchoffen,1,9,0,9.0,2963,0.12318596017549781,46,2,23.0,1,55,TypeScript,,,1,1,P,1.0,1.0,0,1858.0,False,0.0
gabrielajavier,Gabriela Javier,0,0,0,0.0,4013,0.0,31,7,4.428571428571429,0,31,,,,0,0,,0.0,0.0,0,,False,0.0
GalaxyTraining,Galaxy Training,0,0,0,0.0,2809,0.0,53,0,53.0,0,53,,,,0,0,,0.0,0.0,0,,False,0.0
gamunax,Jose Jan Pierre Sánchez Manosalva,0,0,0,0.0,4271,0.0,28,32,0.875,0,28,,,,0,0,,0.0,0.0,0,,False,0.0
gastonrodrig,Gaston Alonso Rodriguez Herrera,0,0,0,0.0,1284,0.0,49,42,1.1666666666666667,0,49,,,,0,0,,0.0,0.0,0,,False,0.0
gcavanunez,Guillermo Cava,0,0,0,0.0,4163,0.0,49,254,0.19291338582677164,0,49,,,,0,0,,0.0,0.0,0,,False,0.0
gcoronelc,Eric Gustavo Coronel Castillo,5,115,88,23.0,4826,0.3781599668462495,310,0,310.0,5,601,Jupyter Notebook,Java,TSQL,4,2,P,1.0,0.0,0,141.0,False,0.2
Geffrerson7,Gefferson Casasola,0,0,0,0.0,2220,0.0,35,103,0.33980582524271846,0,35,,,,0,0,,0.0,0.0,0,,False,0.0
geografope, GeógrafoPE| #Geocomputacion #CienciaDeDatosEspaciales,2,32,10,16.0,851,0.8578143360752056,51,0,51.0,2,103,Jupyter Notebook,,,1,1,M,1.0,1.0,0,706.0,False,0.0
GeomarPerales,Geomar Perales Apaico,2,14,2,7.0,3185,0.2291993720565149,72,262,0.2748091603053435,2,90,Python,R,,2,1,E,1.0,1.0,0,1757.0,False,0.0
george124816,George Rodrigues,0,0,0,0.0,3287,0.0,43,73,0.589041095890411,0,43,,,,0,0,,0.0,0.0,0,,False,0.0
geraldmoreno993,Gerald Moreno Morales,0,0,0,0.0,652,0.0,111,144,0.7708333333333334,0,111,,,,0,0,,0.0,0.0,0,,False,0.0
gersongams,Gerson Garrido,1,19,18,19.0,3929,0.09289895647747518,45,27,1.6666666666666667,1,100,Jupyter Notebook,,,1,1,P,1.0,1.0,0,2798.0,False,0.0
gflores1092,Yera Flores,0,0,0,0.0,2179,0.0,93,0,93.0,0,93,,,,0,0,,0.0,0.0,0,,False,0.0
ghondar,Anthony Bryan Gavilan Vinces,8,350,102,43.75,4417,0.6610821824767943,105,148,0.7094594594594594,8,659,Java,JavaScript,Python,4,2,J,1.0,0.625,77,191.0,False,0.125
gianbdev,Giancarlo Silva,0,0,0,0.0,619,0.0,345,450,0.7666666666666667,0,345,,,,0,0,,0.0,0.0,0,,False,0.0
giancorzo,Giancarlo Corzo,0,0,0,0.0,5585,0.0,107,24,4.458333333333333,0,107,,,,0,0,,0.0,0.0,0,,False,0.0
Gilgammesh,Carlos Santander,1,7,1,7.0,2615,0.13957934990439771,26,26,1.0,1,35,JavaScript,,,1,1,K,1.0,0.0,0,1673.0,False,0.0
gnrfan,Antonio Ognio,3,37,34,12.333333333333334,6547,0.1672521765694211,73,2,36.5,3,178,Python,,,1,1,J,1.0,0.6666666666666666,9,2450.0,False,0.0
goandreus,Andres Chavez,0,0,0,0.0,3389,0.0,555,1338,0.4147982062780269,0,555,,,,0,0,,0.0,0.0,0,,False,0.0
godofredoninja,GodoFredo,8,1487,449,185.875,4103,0.7116743845966366,144,3,48.0,7,2529,Handlebars,HTML,CSS,3,2,J,1.0,0.875,61,410.0,False,0.0
GodoSanchezH,Godo Sanchez Heredia,0,0,0,0.0,2043,0.0,40,5,8.0,0,40,,,,0,0,,0.0,0.0,0,,False,0.0
GorkyFlorez,Gorky,0,0,0,0.0,1786,0.0,106,0,106.0,0,106,,,,0,0,,0.0,0.0,0,,False,0.0
gquinodeveloper,Gustavo Quino,1,115,49,115.0,3125,0.1168,40,0,40.0,1,253,Makefile,,,1,1,I,1.0,0.0,0,1776.0,False,0.0
Grazen0,José Daniel Grayson,3,35,20,11.666666666666666,2058,0.532069970845481,63,79,0.7974683544303798,3,138,Java,Vim Script,Nix,3,3,R,1.0,0.6666666666666666,11,17.0,True,1.0
gustarting,Gustavo Mamani,0,0,0,0.0,1669,0.0,352,424,0.8301886792452831,0,352,,,,0,0,,0.0,0.0,0,,False,0.0
gustavocadev,Gustavo CA,6,85,9,14.166666666666666,1761,1.243611584327087,34,135,0.2518518518518518,6,137,TypeScript,,,1,1,J,1.0,0.16666666666666666,2,569.0,False,0.0
gustavojoaquin,Gustavo Joaquin,0,0,0,0.0,1593,0.0,94,482,0.1950207468879668,0,94,,,,0,0,,0.0,0.0,0,,False,0.0
HackUnderway,Hack Underway,19,961,186,50.578947368421055,1925,3.6025974025974024,222,0,222.0,13,1555,Python,CSS,,2,3,J,1.0,0.9473684210526315,11,2.0,True,0.8421052631578947
haroldeustaquio,Harold Eustaquio,12,119,15,9.916666666666666,981,4.464831804281345,30,2,15.0,8,179,Jupyter Notebook,Python,JavaScript,5,7,J,1.0,1.0,0,206.0,False,0.16666666666666666
healthinnovation,Health Innovation Laboratory - InnovaLab,2,14,14,7.0,2612,0.27947932618683,45,0,45.0,2,87,R,Jupyter Notebook,,2,1,Q,1.0,0.5,5,95.0,False,0.5
hebertdev,hebert villafuerte,0,0,0,0.0,3123,0.0,39,4,9.75,0,39,,,,0,0,,0.0,0.0,0,,False,0.0
HenriquePiassi,Henrique Piassi,0,0,0,0.0,1847,0.0,86,63,1.3650793650793651,0,86,,,,0,0,,0.0,0.0,0,,False,0.0
henrychavez,Henry Chavez,3,149,48,49.666666666666664,4485,0.24414715719063543,26,14,1.8571428571428572,3,271,JavaScript,TypeScript,CSS,3,1,J,1.0,0.6666666666666666,34,1163.0,False,0.0
hexed-AAL1X,AAL1X,2,20,15,10.0,349,2.0916905444126077,708,435,1.6275862068965516,2,758,C++,,,1,2,J,1.0,0.0,0,85.0,True,1.0
heygonzalocaira,Gonzalo Caira,1,206,56,206.0,3491,0.10455456889143512,56,23,2.4347826086956523,1,374,,,,0,1,P,1.0,1.0,1,1619.0,False,0.0
HiroForYou,Cristhian Wiki Sánchez Sauñe,0,0,0,0.0,2814,0.0,26,68,0.38235294117647056,0,26,,,,0,0,,0.0,0.0,0,,False,0.0
hllauca,Harold Llauca,2,31,8,15.5,4160,0.17548076923076925,42,7,6.0,2,89,R,,,1,2,M,1.0,0.0,0,183.0,False,0.5
hpneo,Gustavo Leon,6,7075,1285,1179.1666666666667,5511,0.3973870440936309,367,2,183.5,6,10012,JavaScript,Ruby,,2,3,J,0.8333333333333334,0.0,70,498.0,False,0.0
hsztan,Henry Nawrocki Sztanski,0,0,0,0.0,2657,0.0,47,13,3.6153846153846154,0,47,,,,0,0,,0.0,0.0,0,,False,0.0
hunter4466,Mario Chois,0,0,0,0.0,1795,0.0,29,24,1.2083333333333333,0,29,,,,0,0,,0.0,0.0,0,,False,0.0
hydrocodes,Pedro Rau,4,42,10,10.5,2241,0.6514948683623383,99,8,12.375,4,161,R,,,1,2,E,1.0,0.5,0,5.0,True,1.0
Hydroenvironment,Julio Isaac Montenegro Gambini,4,59,31,14.75,3339,0.43725666367175803,92,43,2.13953488372093,4,213,R,Python,JavaScript,3,1,M,1.0,0.5,1,1389.0,False,0.0
InsiderAnh,InsiderAnh,1,15,4,15.0,3632,0.10049559471365639,27,1,27.0,1,50,Java,,,1,1,J,1.0,1.0,7,83.0,True,1.0
ivanbadthings,໒꒱𓈒ৎ◞HeavenlyDeath / Ivan﹐︶﹐⺌,0,0,0,0.0,441,0.0,34,14,2.4285714285714284,0,34,,,,0,0,,0.0,0.0,0,,False,0.0
ivandevp,Ivan Medina,2,17,19,8.5,4167,0.17518598512119032,262,87,3.0114942528735633,2,317,,,,0,2,P,1.0,0.0,1,2375.0,False,0.0
jaime-olivares,Jaime Olivares,6,674,159,112.33333333333333,4472,0.48971377459749554,33,1,33.0,6,1025,C#,JavaScript,XSLT,3,2,J,1.0,1.0,28,280.0,False,0.16666666666666666
JaimeTR,Jaime Tarazona,3,45,11,15.0,2901,0.37745604963805585,115,204,0.5637254901960784,3,182,Python,JavaScript,,2,2,J,1.0,0.6666666666666666,22,2.0,True,0.6666666666666666
JaimeVirrueta,Jaime D. Virrueta Fuentes,1,12,5,12.0,3580,0.10195530726256984,53,48,1.1041666666666667,1,75,PHP,,,1,1,P,1.0,0.0,16,1164.0,False,0.0
jamesrhurtado,James Hurtado,0,0,0,0.0,2439,0.0,66,11,6.0,0,66,,,,0,0,,0.0,0.0,0,,False,0.0
Jamp,Jaro Marval,0,0,0,0.0,5199,0.0,46,141,0.3262411347517731,0,46,,,,0,0,,0.0,0.0,0,,False,0.0
jansanchez,Jan Sanchez,7,86,8,12.285714285714286,4892,0.5222812755519215,154,314,0.49044585987261147,7,256,JavaScript,VimL,,2,1,J,1.0,0.7142857142857143,0,3355.0,False,0.0
jasp402,jasp402,1,25,4,25.0,4183,0.08725794884054505,52,55,0.9454545454545454,1,85,JavaScript,,,1,1,J,1.0,0.0,3,131.0,False,1.0
javier545dev,Javier Fuentes,0,0,0,0.0,1870,0.0,32,96,0.3333333333333333,0,32,,,,0,0,,0.0,0.0,0,,False,0.0
javierayalar,Javier Ayala Rojas,1,7,0,7.0,1785,0.20448179271708686,37,41,0.9024390243902439,1,44,,,,0,1,P,1.0,0.0,0,1715.0,False,0.0
javierblancoch,Javier Esmith Blanco Chuquizuta,2,14,6,7.0,3643,0.2003842986549547,44,1,44.0,2,70,Python,HTML,,2,1,R,1.0,1.0,0,2017.0,False,0.0
javsan77,Javier Sanchez Ayte,0,0,0,0.0,5112,0.0,47,131,0.35877862595419846,0,47,,,,0,0,,0.0,0.0,0,,False,0.0
jcaramantin,Jhoan Caramantin,0,0,0,0.0,2535,0.0,29,99,0.29292929292929293,0,29,,,,0,0,,0.0,0.0,0,,False,0.0
jchavezlavalle,Joana Chavez,0,0,0,0.0,4940,0.0,56,151,0.3708609271523179,0,56,,,,0,0,,0.0,0.0,0,,False,0.0
jcmachicao,Jose Machicao,0,0,0,0.0,4331,0.0,33,13,2.5384615384615383,0,33,,,,0,0,,0.0,0.0,0,,False,0.0
jcyber2017,Juan C Rodriguez Salas,0,0,0,0.0,3021,0.0,29,15,1.9333333333333333,0,29,,,,0,0,,0.0,0.0,0,,False,0.0
jeandelacruz,Jeancarlos De la Cruz Criollo,0,0,0,0.0,4367,0.0,29,4,7.25,0,29,,,,0,0,,0.0,0.0,0,,False,0.0
jerson,Gerson Alexander Pardo Gamez,10,650,208,65.0,5729,0.6371094431838017,153,116,1.3189655172413792,10,1219,TypeScript,Dart,Go,5,3,J,1.0,0.9,54,141.0,False,0.6
jersonlatorre,Jerson La Torre,2,44,7,22.0,4624,0.1578719723183391,50,89,0.5617977528089888,2,108,JavaScript,,,1,2,J,1.0,0.5,1,215.0,False,0.5
jesulink2514,Jesus Angulo,4,98,33,24.5,4940,0.2955465587044534,117,24,4.875,4,281,C#,,,1,3,J,0.75,0.0,2,1333.0,False,0.0
jesus-canales,Jesús Canales,0,0,0,0.0,585,0.0,153,2,76.5,0,153,,,,0,0,,0.0,0.0,0,,False,0.0
Jeyderht,Jeyderht,3,174,62,58.0,2303,0.47546678245766394,87,0,87.0,3,385,C#,,,1,1,J,0.0,0.0,1,1450.0,False,0.0
jflavio11,Jose Flavio Quispe Irrazábal,3,119,48,39.666666666666664,3666,0.2986906710310966,46,6,7.666666666666667,3,261,Kotlin,Java,,2,2,J,1.0,0.0,9,961.0,False,0.0
jgcamiloaga,Johann Camiloaga,0,0,0,0.0,1493,0.0,132,80,1.65,0,132,,,,0,0,,0.0,0.0,0,,False,0.0
jh0rman,Jhorman,6,68,17,11.333333333333334,3254,0.6730178242163491,54,4,13.5,6,156,TypeScript,Vue,Svelte,3,3,J,1.0,0.3333333333333333,1,0.0,True,0.6666666666666666
jhonatanmacazana,Jhonatan Macazana,1,8,3,8.0,2628,0.1388888888888889,37,89,0.4157303370786517,1,51,TypeScript,,,1,1,J,1.0,0.0,0,1572.0,False,0.0
jhonatanseminario,Jhonatan Seminario,0,0,0,0.0,897,0.0,231,268,0.8619402985074627,0,231,,,,0,0,,0.0,0.0,0,,False,0.0
Jhongesell,Jhon Gesell Villanueva Portella,0,0,0,0.0,3522,0.0,93,1236,0.07524271844660194,0,93,,,,0,0,,0.0,0.0,0,,False,0.0
jhonrolyol,Jhon Roly ,0,0,0,0.0,1617,0.0,35,735,0.047619047619047616,0,35,,,,0,0,,0.0,0.0,0,,False,0.0
jhony-v,Jhony Vega,3,34,11,11.333333333333334,2374,0.4612468407750632,94,208,0.4519230769230769,3,150,TypeScript,,,1,1,J,1.0,0.6666666666666666,2,498.0,False,0.0
Jibaru,Ignacior,4,75,1,18.75,2398,0.6088407005838198,50,88,0.5681818181818182,4,127,Go,JavaScript,TypeScript,3,3,R,1.0,0.5,0,232.0,False,0.75
jimyhdolores,Jimy Dolores,6,99,59,16.5,4053,0.540340488527017,121,9,13.444444444444445,6,338,TypeScript,HTML,,2,2,J,1.0,0.0,1,491.0,False,0.0
jjdelc,Jj,2,18,6,9.0,6222,0.117325618772099,51,16,3.1875,2,81,Python,,,1,1,J,1.0,0.5,2,5371.0,False,0.0
JkDevArg,JkDev,1,9,0,9.0,2033,0.17953762911952778,319,244,1.3073770491803278,1,328,HTML,,,1,1,R,1.0,0.0,0,1677.0,False,0.0
jkelvie,John Kelvie,0,0,0,0.0,6451,0.0,44,1,44.0,0,44,,,,0,0,,0.0,0.0,0,,False,0.0
jmayta1984,Jorge M,0,0,0,0.0,2880,0.0,228,19,12.0,0,228,,,,0,0,,0.0,0.0,0,,False,0.0
jmcastagnetto,Jesus M. Castagnetto,8,232,88,29.0,5691,0.5130908451941663,167,37,4.513513513513513,8,575,R,PHP,RMarkdown,4,4,J,1.0,0.875,3,100.0,False,0.125
jmoralesv,Jorge Morales,0,0,0,0.0,4947,0.0,31,126,0.24603174603174602,0,31,,,,0,0,,0.0,0.0,0,,False,0.0
JoanBEnd,Joan Paredes,0,0,0,0.0,2395,0.0,53,31,1.7096774193548387,0,53,,,,0,0,,0.0,0.0,0,,False,0.0
joaohenry23,Joao Huamán,2,94,26,47.0,2430,0.3004115226337449,36,1,36.0,2,182,Python,,,1,1,M,1.0,0.5,4,347.0,False,0.5
joedayz,José Díaz,7,133,489,19.0,5269,0.48491174795976466,604,43,14.046511627906977,7,1715,Java,HTML,TypeScript,3,2,J,0.7142857142857143,0.5714285714285714,115,36.0,True,0.14285714285714285
joelibaceta,Joel Ibaceta,7,2166,197,309.42857142857144,5381,0.47481880691321315,657,1150,0.571304347826087,7,3217,Python,Ruby,JavaScript,4,2,J,1.0,0.8571428571428571,36,0.0,True,0.42857142857142855
john-caballero,John Caballero Terrazos,1,7,13,7.0,2348,0.15545144804088587,81,0,81.0,1,114,Jupyter Notebook,,,1,1,P,1.0,0.0,0,524.0,False,0.0
JohnProg,John Paul,3,55,16,18.333333333333332,4887,0.22406384284837325,60,68,0.8823529411764706,3,147,JavaScript,,,1,2,R,1.0,0.0,1,2648.0,False,0.0
jonathanchaveze,Jonathan Chavez,0,0,0,0.0,5329,0.0,63,1,63.0,0,63,,,,0,0,,0.0,0.0,0,,False,0.0
jorgejacinto9701,jorge jacinto gutarra,0,0,0,0.0,3613,0.0,312,2,156.0,0,312,,,,0,0,,0.0,0.0,0,,False,0.0
jorgemunozl,Jorge Munoz Lar,12,100,6,8.333333333333334,1037,4.223722275795565,312,1027,0.3037974683544304,7,424,Jupyter Notebook,Python,TeX,5,3,M,0.8333333333333334,0.16666666666666666,41,1.0,True,1.0
JorgePasco1,Jorge Pasco,0,0,0,0.0,3308,0.0,26,35,0.7428571428571429,0,26,,,,0,0,,0.0,0.0,0,,False,0.0
Jose-pe,Jose L. Corazao,0,0,0,0.0,1674,0.0,85,101,0.8415841584158416,0,85,,,,0,0,,0.0,0.0,0,,False,0.0
JoseMascaros,Jose Mascaro,1,7,9,7.0,2202,0.16575840145322435,125,2,62.5,1,150,C++,,,1,1,P,1.0,0.0,0,1352.0,False,0.0
JosephLlacchua,Joseph Llacchua,0,0,0,0.0,943,0.0,86,82,1.048780487804878,0,86,,,,0,0,,0.0,0.0,0,,False,0.0
josephmatheus,Joseph Matheus,0,0,0,0.0,1671,0.0,69,66,1.0454545454545454,0,69,,,,0,0,,0.0,0.0,0,,False,0.0
josersosa,José R Sosa,1,19,18,19.0,4140,0.08816425120772947,41,1,41.0,1,96,R,,,1,1,P,1.0,1.0,2,1791.0,False,0.0
JoshDev1205,Josh Ospina Tafur,0,0,0,0.0,3507,0.0,67,48,1.3958333333333333,0,67,,,,0,0,,0.0,0.0,0,,False,0.0
Joshua-Enrico,Joshua Enrico,0,0,0,0.0,1875,0.0,28,1,28.0,0,28,,,,0,0,,0.0,0.0,0,,False,0.0
JosueDurand96,Josué Durand Pebe,0,0,0,0.0,2901,0.0,39,50,0.78,0,39,,,,0,0,,0.0,0.0,0,,False,0.0
JPachecoZ,Javier Pacheco,0,0,0,0.0,1619,0.0,45,27,1.6666666666666667,0,45,,,,0,0,,0.0,0.0,0,,False,0.0
jphber,Jean Bernuy,0,0,0,0.0,4485,0.0,35,2,17.5,0,35,,,,0,0,,0.0,0.0,0,,False,0.0
jpsca,Juan-Pablo Scaletti,9,702,62,78.0,2086,1.574784276126558,57,108,0.5277777777777778,9,883,Python,JavaScript,,2,1,J,1.0,1.0,8,1.0,True,0.5555555555555556
jrichardsz,JRichardsz,1,8,1,8.0,4802,0.07600999583506872,40,11,3.6363636363636362,1,50,Java,,,1,1,R,1.0,0.0,0,3304.0,False,0.0
jsatch,Hernan Quintana,0,0,0,0.0,4671,0.0,45,1,45.0,0,45,,,,0,0,,0.0,0.0,0,,False,0.0
jsventura,Jose Ventura,0,0,0,0.0,5210,0.0,55,54,1.0185185185185186,0,55,,,,0,0,,0.0,0.0,0,,False,0.0
JuanAlva,Juan Esteban Alva Mejía,0,0,0,0.0,1957,0.0,137,133,1.0300751879699248,0,137,,,,0,0,,0.0,0.0,0,,False,0.0
juancondorijara,Juan Gabriel Condori Jara,33,783,11,23.727272727272727,1978,6.08948432760364,46,3,15.333333333333334,23,851,CSS,Java,JavaScript,10,5,J,0.9696969696969697,0.030303030303030304,0,0.0,True,0.09090909090909091
JuanDiegoGuerra,Juan Diego Guerra,9,69,5,7.666666666666667,2653,1.2382208820203544,33,17,1.9411764705882353,7,112,JavaScript,CSS,Ruby,4,4,P,1.0,0.7777777777777778,9,502.0,False,0.0
juaneladio,Juan Eladio Sanchez Rosas,2,94,111,47.0,5548,0.13157894736842105,76,36,2.111111111111111,2,392,HTML,,,1,2,O,1.0,1.0,6,1168.0,False,0.0
juanpablocs,Juan pablo,4,40,28,10.0,4164,0.3506243996157541,57,60,0.95,4,153,JavaScript,TypeScript,,2,2,J,1.0,0.0,17,30.0,True,0.25
JulianB0315,Julian Burga Bracamonte,1,8,0,8.0,640,0.5703125,62,4,15.5,1,70,Python,,,1,1,P,1.0,1.0,0,309.0,False,1.0
juliocesardw,,1,14,12,14.0,2090,0.17464114832535885,59,0,59.0,1,97,HTML,,,1,1,G,1.0,0.0,1,836.0,False,0.0
juliogarciag,Julio García Gonzales,0,0,0,0.0,5694,0.0,42,4,10.5,0,42,,,,0,0,,0.0,0.0,0,,False,0.0
julionav,Julio Navarro,2,29,20,14.5,2658,0.2746425884123401,27,11,2.4545454545454546,2,96,Python,,,1,2,R,1.0,0.5,2,3376.0,False,0.0
juliosguz,Julio Silva,0,0,0,0.0,5367,0.0,74,51,1.4509803921568627,0,74,,,,0,0,,0.0,0.0,0,,False,0.0
justin-A18,Justin,0,0,0,0.0,1305,0.0,37,59,0.6271186440677966,0,37,,,,0,0,,0.0,0.0,0,,False,0.0
Kakalanp,Joaquín G. L. Z.,1,8,0,8.0,1868,0.19539614561027838,29,27,1.0740740740740742,1,37,JavaScript,,,1,1,I,1.0,0.0,0,1443.0,False,0.0
kandra,Karen Da Cruz,0,0,0,0.0,5205,0.0,48,0,48.0,0,48,,,,0,0,,0.0,0.0,0,,False,0.0
karenciita,,1,10,8,10.0,2315,0.15766738660907129,44,1,44.0,1,70,Lua,,,1,1,R,1.0,0.0,4,2080.0,False,0.0
KatashiFukushima,Katashi Fukushima ,1,59,33,59.0,1467,0.24880708929788686,59,12,4.916666666666667,1,184,JavaScript,,,1,1,J,1.0,0.0,4,9.0,True,1.0
KattyaCuevas,Kattya Cuevas,0,0,0,0.0,4716,0.0,200,75,2.6666666666666665,0,200,,,,0,0,,0.0,0.0,0,,False,0.0
Kelvin-Joel,Joel Ventura,0,0,0,0.0,2552,0.0,38,5,7.6,0,38,,,,0,0,,0.0,0.0,0,,False,0.0
kennyhorna,Kenny Horna,1,8,3,8.0,3755,0.09720372836218374,46,32,1.4375,1,60,CSS,,,1,1,J,1.0,1.0,29,1165.0,False,0.0
KenyiGM,,0,0,0,0.0,1626,0.0,58,68,0.8529411764705882,0,58,,,,0,0,,0.0,0.0,0,,False,0.0
kerpie,Kerry,0,0,0,0.0,5271,0.0,35,0,35.0,0,35,,,,0,0,,0.0,0.0,0,,False,0.0
Kevincarlosqa,Kevin Quispe Aquise,0,0,0,0.0,1244,0.0,39,403,0.0967741935483871,0,39,,,,0,0,,0.0,0.0,0,,False,0.0
kevindels,Kevin,0,0,0,0.0,5395,0.0,42,45,0.9333333333333333,0,42,,,,0,0,,0.0,0.0,0,,False,0.0
kevinPerezGarcia,Kevin (Kevo) Perez Garcia,0,0,0,0.0,2436,0.0,29,80,0.3625,0,29,,,,0,0,,0.0,0.0,0,,False,0.0
kevinrodbe,Kevin Rodríguez,0,0,0,0.0,4372,0.0,44,183,0.24043715846994534,0,44,,,,0,0,,0.0,0.0,0,,False,0.0
kevins-projects,Kevin's projects,1,13,1,13.0,1162,0.31411359724612736,48,0,48.0,1,63,,,,0,1,J,1.0,0.0,0,1154.0,False,0.0
kranfix,Frank Moreno,7,166,42,23.714285714285715,5210,0.4904030710172745,147,41,3.5853658536585367,7,397,Dart,C++,C,4,2,J,1.0,0.7142857142857143,6,170.0,False,0.14285714285714285
kucho,Victor Rodriguez,0,0,0,0.0,3275,0.0,27,59,0.4576271186440678,0,27,,,,0,0,,0.0,0.0,0,,False,0.0
kusillus,Alexander Guevara Benites,2,28,47,14.0,4923,0.1482835669307333,48,29,1.6551724137931034,2,170,HTML,CSS,,2,1,J,0.5,0.0,1,2475.0,False,0.0
lalogf,Lalo Gonzalez,0,0,0,0.0,4224,0.0,92,32,2.875,0,92,,,,0,0,,0.0,0.0,0,,False,0.0
LaMalditaProgramadora,Jimena Alexandra Ruiz Cerna,1,15,7,15.0,3269,0.1116549403487305,202,17,11.882352941176471,1,231,Java,,,1,1,P,1.0,0.0,0,833.0,False,0.0
larc,Luciano A. Romero Calla,2,79,15,39.5,4679,0.15601624278692028,32,23,1.391304347826087,2,141,C++,TeX,,2,2,M,1.0,0.5,1,351.0,False,0.5
lavaldi,Claudia Valdivieso,0,0,0,0.0,5223,0.0,104,88,1.1818181818181819,0,104,,,,0,0,,0.0,0.0,0,,False,0.0
lcajachahua,Luis C,0,0,0,0.0,4359,0.0,46,6,7.666666666666667,0,46,,,,0,0,,0.0,0.0,0,,False,0.0
leotrs,Leo Torres,3,35,8,11.666666666666666,5278,0.20746494884425917,148,17,8.705882352941176,3,199,Jupyter Notebook,,,1,1,M,1.0,0.6666666666666666,0,2028.0,False,0.0
lgcarlinf,luiggy carlin,0,0,0,0.0,1948,0.0,72,40,1.8,0,72,,,,0,0,,0.0,0.0,0,,False,0.0
lightbluetitan,Renzo Cáceres Rossi,6,57,6,9.5,3874,0.5653071760454311,48,34,1.411764705882353,6,117,R,Python,,2,3,M,1.0,0.16666666666666666,4,28.0,True,0.3333333333333333
lima-js,LimaJS,1,71,30,71.0,4790,0.07620041753653445,33,0,33.0,1,164,HTML,,,1,1,J,1.0,1.0,4,166.0,False,1.0
lindalopezc,Linda Lopez,0,0,0,0.0,1504,0.0,34,41,0.8292682926829268,0,34,,,,0,0,,0.0,0.0,0,,False,0.0
linder3hs,Linder Hassinger,19,253,33,13.31578947368421,3518,1.9712905059693009,346,17,20.352941176470587,11,665,TypeScript,HTML,Python,4,3,J,0.631578947368421,0.10526315789473684,5,186.0,False,0.10526315789473684
lissavcasas,Lissa Casas,0,0,0,0.0,2858,0.0,239,182,1.3131868131868132,0,239,,,,0,0,,0.0,0.0,0,,False,0.0
ljporras,Janet Porras,2,41,10,20.5,1945,0.37532133676092544,121,29,4.172413793103448,2,182,Stata,,,1,2,Q,1.0,0.0,0,614.0,False,0.0
lkashef,Mazen Elkashef,0,0,0,0.0,3769,0.0,28,11,2.5454545454545454,0,28,,,,0,0,,0.0,0.0,0,,False,0.0
llabans,Luis Labán Seminario,0,0,0,0.0,2950,0.0,29,221,0.13122171945701358,0,29,,,,0,0,,0.0,0.0,0,,False,0.0
lmcanavals,Luis M Canaval S,4,38,51,9.5,2742,0.5324580598103574,173,53,3.2641509433962264,4,313,Jupyter Notebook,C++,,2,3,J,1.0,1.0,4,677.0,False,0.0
lokcito,ray,0,0,0,0.0,5276,0.0,29,8,3.625,0,29,,,,0,0,,0.0,0.0,0,,False,0.0
lordksix,Wladimir Pasquel,2,17,0,8.5,1171,0.623398804440649,45,28,1.6071428571428572,2,62,JavaScript,TypeScript,,2,2,Q,1.0,1.0,0,965.0,False,0.0
LuiggiVela,Luiggi Corleone ,0,0,0,0.0,1057,0.0,60,119,0.5042016806722689,0,60,,,,0,0,,0.0,0.0,0,,False,0.0
luiscorrea8,Luis Alberto Correa Yancel,0,0,0,0.0,1597,0.0,136,150,0.9066666666666666,0,136,,,,0,0,,0.0,0.0,0,,False,0.0
LuisDev2001,Aldair QR,0,0,0,0.0,2393,0.0,30,8,3.75,0,30,,,,0,0,,0.0,0.0,0,,False,0.0
luismayta,Lucho Mayta,13,144,7,11.076923076923077,5395,0.8795180722891567,336,1180,0.2847457627118644,9,494,Shell,Makefile,Go,5,3,J,1.0,1.0,147,1.0,True,1.0
luismoriguerra,Luis Mori Guerra,0,0,0,0.0,4759,0.0,28,26,1.0769230769230769,0,28,,,,0,0,,0.0,0.0,0,,False,0.0
luisorlandobueno,Lubutech dev,1,7,2,7.0,1394,0.2618364418938307,57,0,57.0,1,68,HTML,,,1,1,P,1.0,0.0,0,847.0,False,0.0
luisreiskeys,Luis Reis,4,42,3,10.5,3251,0.4490925868963396,82,4,20.5,4,130,JavaScript,TypeScript,,2,1,J,1.0,0.25,1,274.0,False,0.5
LuisSalas94,Fernando Salas,8,85,13,10.625,2325,1.2559139784946236,79,64,1.234375,7,190,HTML,JavaScript,CSS,4,5,J,0.875,0.0,7,946.0,False,0.0
lvaldivia,Luis,0,0,0,0.0,4815,0.0,53,9,5.888888888888889,0,53,,,,0,0,,0.0,0.0,0,,False,0.0
mabelolivera10,MABEL QUISPE OLIVERA,22,513,160,23.318181818181817,1059,7.582625118035883,1197,0,1197.0,11,2030,CSS,JavaScript,HTML,3,2,J,1.0,0.0,6,130.0,False,0.045454545454545456
macespinoza,Miguel Cotrina,3,56,28,18.666666666666668,4487,0.24403833296188993,57,1,57.0,3,169,Jupyter Notebook,Python,,2,3,P,1.0,0.0,0,289.0,False,1.0
madmarin,Alexander M. Marin,34,464,3,13.647058823529411,2289,5.421581476627348,28,9,3.111111111111111,15,498,TypeScript,HTML,C++,11,5,J,0.8823529411764706,0.4411764705882353,42,10.0,True,0.2647058823529412
MAGALLANESJoseManuel,Jose Manuel MAGALLANES,0,0,0,0.0,4367,0.0,38,0,38.0,0,38,,,,0,0,,0.0,0.0,0,,False,0.0
MaiaRojas,Maia Rojas,0,0,0,0.0,3309,0.0,50,27,1.8518518518518519,0,50,,,,0,0,,0.0,0.0,0,,False,0.0
malpicado,Malpicado,1,16,0,16.0,1664,0.21935096153846154,31,0,31.0,1,47,Papyrus,,,1,1,P,1.0,0.0,0,1240.0,False,0.0
Manriquenlinea,Nilson,0,0,0,0.0,1972,0.0,34,43,0.7906976744186046,0,34,,,,0,0,,0.0,0.0,0,,False,0.0
ManuelaFlores,Manuela Flores,1,7,0,7.0,3117,0.11709977542508823,40,64,0.625,1,47,JavaScript,,,1,1,J,1.0,0.0,0,2639.0,False,0.0
ManuelLoaizaV,Manuel Loaiza Vasquez,1,16,50,16.0,3591,0.10164299637983848,58,24,2.4166666666666665,1,174,Python,,,1,1,P,1.0,0.0,0,253.0,False,1.0
marcelo-earth,Marcelo,8,884,148,110.5,2580,1.1317829457364341,159,63,2.5238095238095237,7,1339,JavaScript,TypeScript,Python,3,5,P,1.0,0.875,36,0.0,True,0.25
Marcio-Moraes,Marcio Moraes,0,0,0,0.0,2667,0.0,42,8,5.25,0,42,,,,0,0,,0.0,0.0,0,,False,0.0
marco-soria,Marco Antonio,0,0,0,0.0,983,0.0,350,319,1.09717868338558,0,350,,,,0,0,,0.0,0.0,0,,False,0.0
marcomnrq,Marco Manrique,1,8,1,8.0,2158,0.1691380908248378,29,52,0.5576923076923077,1,39,TypeScript,,,1,1,J,0.0,1.0,1,1395.0,False,0.0
mario21ic,Mario IC,0,0,0,0.0,5444,0.0,139,497,0.2796780684104628,0,139,,,,0,0,,0.0,0.0,0,,False,0.0
marsam,Mario Rodas,2,23,7,11.5,6203,0.11768499113332258,207,33,6.2727272727272725,2,244,Ruby,,,1,1,J,0.5,0.0,0,4304.0,False,0.0
martinsam16,Martín Alexis Samán Arata,3,57,23,19.0,2752,0.39789244186046513,33,25,1.32,3,136,Python,Java,Pawn,3,3,J,1.0,0.0,4,733.0,False,0.0
marvinjoel,,1,7,0,7.0,3453,0.10570518389805965,86,59,1.4576271186440677,1,93,JavaScript,,,1,1,J,1.0,0.0,0,1829.0,False,0.0
marvinjqs,Marvin J. Quispe Sedano,4,79,10,19.75,2722,0.5363703159441587,52,13,4.0,4,151,HTML,,,1,2,P,1.0,1.0,0,492.0,False,0.0
masonlabcc,Mason Lab,0,0,0,0.0,5275,0.0,26,7,3.7142857142857144,0,26,,,,0,0,,0.0,0.0,0,,False,0.0
master-bogdan,Bogdan Shchavinskyi,0,0,0,0.0,2168,0.0,26,41,0.6341463414634146,0,26,,,,0,0,,0.0,0.0,0,,False,0.0
mastergis,,2,21,22,10.5,2231,0.3272075302554908,25,1,25.0,2,90,Jupyter Notebook,JavaScript,,2,2,M,1.0,0.5,0,1571.0,False,0.0
Mateo-tem,Mateo-tem,1,92,27,92.0,1856,0.19665948275862066,32,11,2.909090909090909,1,178,JavaScript,,,1,1,J,1.0,1.0,4,1310.0,False,0.0
mateusfreira,Mateus Freira dos Santos,4,153,13,38.25,5828,0.2505147563486616,200,35,5.714285714285714,4,379,JavaScript,Rust,Java,3,3,J,0.75,0.5,12,7.0,True,0.25
maybemarhs,Maybemarhs,0,0,0,0.0,2194,0.0,43,2,21.5,0,43,,,,0,0,,0.0,0.0,0,,False,0.0
Maycol-Knight,Maycol Quispe,0,0,0,0.0,1221,0.0,28,61,0.45901639344262296,0,28,,,,0,0,,0.0,0.0,0,,False,0.0
MCss-18,Renzo Franco,0,0,0,0.0,1821,0.0,26,34,0.7647058823529411,0,26,,,,0,0,,0.0,0.0,0,,False,0.0
merunga,Mariano Crowe,2,21,35,10.5,5860,0.12457337883959045,99,7,14.142857142857142,2,190,JavaScript,,,1,1,J,0.5,0.5,2,2579.0,False,0.0
michellesegv,Michelle Seguil,0,0,0,0.0,4062,0.0,101,20,5.05,0,101,,,,0,0,,0.0,0.0,0,,False,0.0
mig1098,miglio esaud,0,0,0,0.0,4722,0.0,33,76,0.4342105263157895,0,33,,,,0,0,,0.0,0.0,0,,False,0.0
miluskapajuelo,Jhoselyn Miluska Pajuelo Villanueva,0,0,0,0.0,1999,0.0,36,24,1.5,0,36,,,,0,0,,0.0,0.0,0,,False,0.0
MineiToshio,Sergio Toshio Minei,2,941,584,470.5,2902,0.25155065472088217,310,23,13.478260869565217,2,2419,HTML,TypeScript,,2,2,P,1.0,0.5,5,831.0,False,0.0
minskylab,Minsky,7,213,32,30.428571428571427,2276,1.1225834797891037,25,0,25.0,7,302,Rust,Go,TypeScript,3,2,J,1.0,1.0,16,488.0,False,0.0
MistyBlunch,Grace Nikole,1,8,4,8.0,3200,0.11406250000000001,96,59,1.6271186440677967,1,112,HTML,,,1,1,J,1.0,0.0,0,804.0,False,0.0
mithindev,MITHIN DEV ,0,0,0,0.0,1329,0.0,105,8,13.125,0,105,,,,0,0,,0.0,0.0,0,,False,0.0
mizhac,Cristhian H.,0,0,0,0.0,4512,0.0,60,23,2.608695652173913,0,60,,,,0,0,,0.0,0.0,0,,False,0.0
moisesnandres,Moisés Ñañez,0,0,0,0.0,4564,0.0,38,21,1.8095238095238095,0,38,,,,0,0,,0.0,0.0,0,,False,0.0
mokuzaru,Kenny,0,0,0,0.0,4418,0.0,36,2,18.0,0,36,,,,0,0,,0.0,0.0,0,,False,0.0
mriscoc,Miguel Risco-Castillo,10,3828,579,382.8,4876,0.7485643970467597,1110,2,555.0,9,6096,Pascal,C++,C,5,3,C,1.0,0.8,22,16.0,True,0.8
MrJmpl3,José Manuel Casani Guerra,0,0,0,0.0,3485,0.0,32,39,0.8205128205128205,0,32,,,,0,0,,0.0,0.0,0,,False,0.0
mrverdant13,Karlo Verde,3,54,13,18.0,2775,0.3945945945945946,44,149,0.2953020134228188,3,124,Dart,,,1,1,J,1.0,0.3333333333333333,15,6.0,True,0.6666666666666666
mysticBel,Maribel Maza,0,0,0,0.0,1826,0.0,39,39,1.0,0,39,,,,0,0,,0.0,0.0,0,,False,0.0
NaclaraSantos,Ana Clara,0,0,0,0.0,1109,0.0,48,38,1.263157894736842,0,48,,,,0,0,,0.0,0.0,0,,False,0.0
NathaliaElen,Nathália Elen,0,0,0,0.0,1646,0.0,36,10,3.6,0,36,,,,0,0,,0.0,0.0,0,,False,0.0
nelson6e65,Nelson Martell,1,21,2,21.0,4168,0.08757197696737044,56,78,0.717948717948718,1,81,Twig,,,1,1,J,1.0,1.0,22,1106.0,False,0.0
neofutur,Neo Futur,3,32,13,10.666666666666666,5727,0.19119958093242534,31,56,0.5535714285714286,3,89,PHP,,,1,2,J,1.0,0.6666666666666666,0,4057.0,False,0.0
nestoraudante,Nestor Audante,0,0,0,0.0,4003,0.0,35,12,2.9166666666666665,0,35,,,,0,0,,0.0,0.0,0,,False,0.0
neunapp,Neunapp,1,9,7,9.0,3847,0.09487912659214974,60,1,60.0,1,83,HTML,,,1,1,G,1.0,0.0,3,1209.0,False,0.0
NextKool,NextKool,3,46,23,15.333333333333334,1539,0.7115009746588694,32,1,32.0,3,124,Python,Hack,,2,1,J,1.0,1.0,5,681.0,False,0.0
nitaly31,Geraldine Meneses,0,0,0,0.0,1967,0.0,42,19,2.210526315789474,0,42,,,,0,0,,0.0,0.0,0,,False,0.0
Nkaleth,Nilton Segura,0,0,0,0.0,3281,0.0,37,50,0.74,0,37,,,,0,0,,0.0,0.0,0,,False,0.0
no6data,Elvis,0,0,0,0.0,691,0.0,77,70,1.1,0,77,,,,0,0,,0.0,0.0,0,,False,0.0
NunezGabriel,Gabriel Nunez,0,0,0,0.0,2467,0.0,36,38,0.9473684210526315,0,36,,,,0,0,,0.0,0.0,0,,False,0.0
nxvl,Nicolas Valcarcel,1,75,20,75.0,5445,0.06703397612488521,31,0,31.0,1,146,Python,,,1,1,J,1.0,1.0,26,2371.0,False,0.0
olanaso,Erick Simón Escalante Olano,3,50,10,16.666666666666668,4680,0.23397435897435898,69,108,0.6388888888888888,3,139,JavaScript,,,1,3,J,1.0,0.0,4,1048.0,False,0.0
oliverTuesta,Oliver Tuesta,0,0,0,0.0,2045,0.0,28,19,1.4736842105263157,0,28,,,,0,0,,0.0,0.0,0,,False,0.0
omarbenites,Omar Benites Alfaro,0,0,0,0.0,4591,0.0,50,70,0.7142857142857143,0,50,,,,0,0,,0.0,0.0,0,,False,0.0
OmarUTEC,Om@r,0,0,0,0.0,1634,0.0,676,1487,0.4546065904505716,0,676,,,,0,0,,0.0,0.0,0,,False,0.0
Open-Sec,Open Sec,5,42,24,8.4,4582,0.3982976865997381,71,2,35.5,5,161,Python,Shell,,2,2,M,1.0,0.4,0,188.0,False,0.2
oscargicast,Oscar,1,12,7,12.0,5103,0.07152655300803448,49,51,0.9607843137254902,1,75,Shell,,,1,1,J,1.0,1.0,0,2505.0,False,0.0
outlierd29,David Ascencios Rondón,0,0,0,0.0,3757,0.0,34,121,0.2809917355371901,0,34,,,,0,0,,0.0,0.0,0,,False,0.0
OVarLaz,Olenka Vargas Lazarte,0,0,0,0.0,3932,0.0,58,57,1.0175438596491229,0,58,,,,0,0,,0.0,0.0,0,,False,0.0
Oxicode,Christian Quispe H,0,0,0,0.0,5177,0.0,58,168,0.34523809523809523,0,58,,,,0,0,,0.0,0.0,0,,False,0.0
pablodz,Pablo,3,49,16,16.333333333333332,3240,0.33796296296296297,62,27,2.2962962962962963,3,143,Go,Python,,2,1,J,1.0,1.0,8,314.0,False,0.6666666666666666
patrickbrandao,Patrick Brandão,1,9,7,9.0,3980,0.09170854271356785,89,12,7.416666666666667,1,112,Shell,,,1,1,J,1.0,0.0,2,2130.0,False,0.0
PatrickZurita,Patrick Zurita,0,0,0,0.0,2003,0.0,32,61,0.5245901639344263,0,32,,,,0,0,,0.0,0.0,0,,False,0.0
paucaro,Paula Asto,1,21,13,21.0,3853,0.09473137814689853,45,8,5.625,1,92,Dart,,,1,1,J,1.0,0.0,0,2140.0,False,0.0
PaulESantos,Paul Efren,1,9,0,9.0,3704,0.09854211663066954,30,46,0.6521739130434783,1,39,R,,,1,1,A,1.0,1.0,0,17.0,True,1.0
PaulGuillen,Paul Guillen Acuña,1,11,6,11.0,2745,0.13296903460837886,52,20,2.6,1,75,Kotlin,,,1,1,H,1.0,0.0,0,391.0,False,0.0
paulrrdiaz,Paúl Díaz Navarrete,2,18,4,9.0,5166,0.14130855594270228,32,15,2.1333333333333333,2,58,JavaScript,,,1,1,J,1.0,0.0,0,3008.0,False,0.0
paulsaenzsucre,Paul Sáenz Sucre,4,32,6,8.0,4076,0.35819430814524045,55,51,1.0784313725490196,4,99,JavaScript,Ruby,,2,4,J,1.0,1.0,0,928.0,False,0.0
PBenavides,,1,21,9,21.0,2838,0.12861169837914024,40,107,0.37383177570093457,1,79,Jupyter Notebook,,,1,1,L,1.0,0.0,0,1529.0,False,0.0
PCPUNMSM,Python Club for Physicists - UNMSM,6,151,53,25.166666666666668,2396,0.9140233722871453,91,0,91.0,6,348,Jupyter Notebook,HTML,,2,3,P,0.8333333333333334,0.3333333333333333,13,1059.0,False,0.0
Pedro-HFelix,PEDRO HENRIQUE FÉLIX DOS SANTOS,0,0,0,0.0,1355,0.0,40,47,0.851063829787234,0,40,,,,0,0,,0.0,0.0,0,,False,0.0
PedroCarrillo,Pedro Carrillo,5,149,74,29.8,5318,0.34317412561113203,79,30,2.6333333333333333,5,376,Java,Kotlin,,2,2,J,0.8,0.6,9,2939.0,False,0.0
pepeul1191,Pepe Valdivia,0,0,0,0.0,4000,0.0,60,0,60.0,0,60,,,,0,0,,0.0,0.0,0,,False,0.0
PeterTXS09,Peter Montalvo Garcia,2,26,2,13.0,2746,0.26584122359796064,32,2,16.0,2,62,Python,,,1,2,P,1.0,0.0,0,128.0,False,0.5
piero-vic,Piero Lescano,2,21,3,10.5,2010,0.36318407960199006,39,40,0.975,2,66,Astro,JavaScript,,2,1,J,1.0,0.5,0,4.0,True,0.5
PieroCastillo,Piero Castillo,2,723,55,361.5,2840,0.25704225352112675,195,977,0.19959058341862845,2,1028,C#,,,1,1,J,1.0,1.0,13,452.0,False,0.0
pieropr2k,Piero PR,0,0,0,0.0,1934,0.0,55,123,0.44715447154471544,0,55,,,,0,0,,0.0,0.0,0,,False,0.0
pierorolando1,Piero Rolando,0,0,0,0.0,1991,0.0,31,55,0.5636363636363636,0,31,,,,0,0,,0.0,0.0,0,,False,0.0
pixiepixeled,.,0,0,0,0.0,3533,0.0,28,38,0.7368421052631579,0,28,,,,0,0,,0.0,0.0,0,,False,0.0
Popes117,Pedro Lopes ,0,0,0,0.0,1509,0.0,61,77,0.7922077922077922,0,61,,,,0,0,,0.0,0.0,0,,False,0.0
programacionparaaprender,Programación para aprender,0,0,0,0.0,4248,0.0,286,309,0.9255663430420712,0,286,,,,0,0,,0.0,0.0,0,,False,0.0
puentesarrin,Jorge Puente-Sarrín,6,296,59,49.333333333333336,5734,0.38193233344959887,49,24,2.0416666666666665,6,463,Python,CSS,,2,1,J,1.0,0.6666666666666666,10,1518.0,False,0.0
PuercoPop,Javier Olaechea,4,57,11,14.25,5671,0.25745018515253043,223,711,0.3136427566807314,4,302,Emacs Lisp,Common Lisp,,2,1,J,1.0,1.0,3,1455.0,False,0.0
PyarmandoCode,Pyarmando Academy,2,25,9,12.5,1510,0.48344370860927155,39,0,39.0,2,82,Python,,,1,1,P,0.0,0.0,0,941.0,False,0.0
rafaesc,Rafael Escala,3,162,36,54.0,4107,0.266617969320672,78,27,2.888888888888889,3,312,TypeScript,Vue,,2,2,J,1.0,0.3333333333333333,3,2824.0,False,0.0
rafnixg,Rafnix Guzman,4,173,38,43.25,4052,0.36031589338598224,132,205,0.6439024390243903,4,381,Python,,,1,2,J,1.0,0.75,1,4.0,True,1.0
RageHardrack,Dan Colmenares,1,10,0,10.0,2145,0.17016317016317017,37,43,0.8604651162790697,1,47,Vue,,,1,1,K,1.0,0.0,0,1238.0,False,0.0
Railly,Railly Hugo,8,1408,84,176.0,2475,1.1797979797979798,240,42,5.714285714285714,7,1816,TypeScript,Python,Astro,3,4,J,1.0,0.625,39,2.0,True,0.375
Raul1508,RAUL,0,0,0,0.0,1039,0.0,65,63,1.0317460317460319,0,65,,,,0,0,,0.0,0.0,0,,False,0.0
raul782,Raul Rodriguez,0,0,0,0.0,5905,0.0,59,153,0.38562091503267976,0,59,,,,0,0,,0.0,0.0,0,,False,0.0
RaulArmasBenavides,Raúl Armas Benavides ,0,0,0,0.0,3535,0.0,44,98,0.4489795918367347,0,44,,,,0,0,,0.0,0.0,0,,False,0.0
raymi-sm,Raymi Saldomando,0,0,0,0.0,5959,0.0,99,13,7.615384615384615,0,99,,,,0,0,,0.0,0.0,0,,False,0.0
rbreva,R. Mauricio Mendoza H.,0,0,0,0.0,2406,0.0,36,40,0.9,0,36,,,,0,0,,0.0,0.0,0,,False,0.0
rdavila,Rubén Dávila Santos,0,0,0,0.0,6525,0.0,34,0,34.0,0,34,,,,0,0,,0.0,0.0,0,,False,0.0
renato145,Renato Hermoza Aragonés,5,85,25,17.0,4497,0.4058261062930843,45,56,0.8035714285714286,5,180,Jupyter Notebook,,,1,2,M,1.0,0.2,3,1537.0,False,0.0
renxzen,renxzen,0,0,0,0.0,3917,0.0,36,162,0.2222222222222222,0,36,,,,0,0,,0.0,0.0,0,,False,0.0
renzo-blockchain,Renzo Avila,0,0,0,0.0,4978,0.0,29,71,0.4084507042253521,0,29,,,,0,0,,0.0,0.0,0,,False,0.0
RenzoDD,Renzo Diaz,1,12,4,12.0,2372,0.1538785834738617,47,17,2.764705882352941,1,67,JavaScript,,,1,1,K,1.0,1.0,0,314.0,False,1.0
Rimac-Seguros,Rimac Seguros,0,0,0,0.0,1910,0.0,261,0,261.0,0,261,,,,0,0,,0.0,0.0,0,,False,0.0
rmcondor,Ronny M. Condor,1,17,8,17.0,2312,0.1578719723183391,41,55,0.7454545454545455,1,74,R,,,1,1,P,1.0,0.0,0,896.0,False,0.0
rmfranciacastillo,Renato Francia Castillo,0,0,0,0.0,4433,0.0,51,175,0.2914285714285714,0,51,,,,0,0,,0.0,0.0,0,,False,0.0
robintux,Abraham Zamudio Chauca,2,52,16,26.0,5408,0.13498520710059173,72,224,0.32142857142857145,2,156,Jupyter Notebook,,,1,2,J,1.0,0.0,0,8.0,True,0.5
Rodrigolara05,Rodrigo Max Lara Camarena,7,74,53,10.571428571428571,2761,0.9253893516841724,50,4,12.5,7,230,Dart,JavaScript,,2,3,J,1.0,0.5714285714285714,6,1019.0,False,0.0
rogergcc,Roger Colquehuanca,2,284,74,142.0,3645,0.20027434842249656,102,91,1.120879120879121,2,534,Java,,,1,1,P,1.0,0.0,2,545.0,False,0.0
RogerNatividad,Roger Natividad,2,46,60,23.0,5399,0.13521022411557695,79,42,1.880952380952381,2,245,HTML,CSS,,2,1,J,1.0,0.5,2,1019.0,False,0.0
romelgomez,Romel Gomez,2,23,5,11.5,4928,0.1481331168831169,98,592,0.16554054054054054,2,131,Go,JavaScript,,2,1,J,1.0,1.0,7,1185.0,False,0.0
romellfudi,Romell D.Z. 福笛,5,351,149,70.2,5075,0.35960591133004927,83,152,0.5460526315789473,5,732,Java,Kotlin,,2,1,J,1.0,1.0,6,104.0,False,1.0
Rotvie,Ricardo Huaman,2,23,3,11.5,1900,0.38421052631578945,25,39,0.6410256410256411,2,54,C++,Lua,,2,2,H,1.0,0.5,0,1014.0,False,0.0
roxsyVel910,Roxsana Velasquez,0,0,0,0.0,2095,0.0,25,44,0.5681818181818182,0,25,,,,0,0,,0.0,0.0,0,,False,0.0
rrivas-utec,,0,0,0,0.0,3253,0.0,56,0,56.0,0,56,,,,0,0,,0.0,0.0,0,,False,0.0
rubenpazch,Ruben Paz Chuspe,0,0,0,0.0,3196,0.0,86,138,0.6231884057971014,0,86,,,,0,0,,0.0,0.0,0,,False,0.0
RuthSalvador,Ruth Abigail Salvador Zorrilla,0,0,0,0.0,3310,0.0,56,40,1.4,0,56,,,,0,0,,0.0,0.0,0,,False,0.0
Ryzeon,Alex Avila,2,28,17,14.0,2223,0.3283850652271705,56,65,0.8615384615384616,2,118,Java,,,1,1,J,1.0,0.5,0,613.0,False,0.0
sA-mb,Sebastián Mendoza,0,0,0,0.0,1577,0.0,43,85,0.5058823529411764,0,43,,,,0,0,,0.0,0.0,0,,False,0.0
sabarense,Yan Sabarense Coelho Silva,0,0,0,0.0,1280,0.0,55,57,0.9649122807017544,0,55,,,,0,0,,0.0,0.0,0,,False,0.0
saintplay,Diego Jara,3,606,59,202.0,4160,0.26322115384615385,59,116,0.5086206896551724,3,783,JavaScript,,,1,2,J,1.0,0.6666666666666666,9,1720.0,False,0.0
SanAndr3,Nelson Andrea,0,0,0,0.0,2110,0.0,79,41,1.9268292682926829,0,79,,,,0,0,,0.0,0.0,0,,False,0.0
sandramoreperu,Front-End developer ,0,0,0,0.0,4013,0.0,86,53,1.6226415094339623,0,86,,,,0,0,,0.0,0.0,0,,False,0.0
santiagourdaneta,Santiago Urdaneta,3,56,34,18.666666666666668,4029,0.2717795979151154,143,492,0.29065040650406504,3,267,PHP,JavaScript,,2,3,N,1.0,0.0,5,119.0,False,1.0
SaulMontoya,Saul Montoya,5,62,44,12.4,3934,0.4639044229791561,182,3,60.666666666666664,5,332,Jupyter Notebook,,,1,3,A,0.4,0.0,1,1758.0,False,0.0
SebastianEPH,Sebastián Pacheco Herrera,3,34,6,11.333333333333334,3213,0.3408029878618114,55,20,2.75,3,101,Python,C#,,2,1,J,1.0,0.3333333333333333,0,1872.0,False,0.0
SegundoRP,Segundo Rebaza,0,0,0,0.0,1815,0.0,43,110,0.39090909090909093,0,43,,,,0,0,,0.0,0.0,0,,False,0.0
SenatiTeam, Comunidad Senatina,0,0,0,0.0,879,0.0,34,0,34.0,0,34,,,,0,0,,0.0,0.0,0,,False,0.0
sergiodxa,Sergio Xalambrí,64,9456,897,147.75,5180,4.5096525096525095,2204,170,12.964705882352941,31,13454,TypeScript,JavaScript,HTML,3,2,J,0.96875,0.734375,296,4.0,True,0.3125
sergiomauz,Sergio Zambrano,1,8,1,8.0,2940,0.12414965986394558,36,38,0.9473684210526315,1,46,JavaScript,,,1,1,R,1.0,1.0,0,2015.0,False,0.0
sheylaPozo,Sʜᴇʏʟᴀ Pᴏᴢᴏ,0,0,0,0.0,2407,0.0,81,61,1.3278688524590163,0,81,,,,0,0,,0.0,0.0,0,,False,0.0
shiarauzo,shiara arauzo,0,0,0,0.0,2743,0.0,38,50,0.76,0,38,,,,0,0,,0.0,0.0,0,,False,0.0
shinnmar,Shirley Ramos Martínez,0,0,0,0.0,2135,0.0,38,32,1.1875,0,38,,,,0,0,,0.0,0.0,0,,False,0.0
SkivaDev,Fabrizio Heiner Ortiz Orellana,1,7,0,7.0,1422,0.25668073136427566,72,60,1.2,1,79,JavaScript,,,1,1,R,1.0,1.0,0,1146.0,False,0.0
sochologa,Mariana Linares Olivera ,0,0,0,0.0,1262,0.0,33,37,0.8918918918918919,0,33,,,,0,0,,0.0,0.0,0,,False,0.0
softalchemy,Denis J. Palma Abanto,0,0,0,0.0,1887,0.0,26,2,13.0,0,26,,,,0,0,,0.0,0.0,0,,False,0.0
sotopro,Daniel Soto,1,10,1,10.0,3623,0.10074523875241513,84,1,84.0,1,96,JavaScript,,,1,1,J,0.0,0.0,0,1153.0,False,0.0
stephfz,Stephanie Frias,1,8,3,8.0,5243,0.06961663169940874,82,5,16.4,1,96,Jupyter Notebook,,,1,1,J,0.0,0.0,0,1282.0,False,0.0
storres20,Italo Lon kan,6,81,0,13.5,1813,1.207942636514065,91,207,0.4396135265700483,6,172,JavaScript,Ruby,CSS,3,5,R,1.0,0.8333333333333334,4,1080.0,False,0.0
t-edson,Tito Hinostroza,14,526,224,37.57142857142857,4308,1.1861652739090065,123,0,123.0,10,1097,Pascal,JavaScript,,2,3,J,1.0,1.0,31,348.0,False,0.07142857142857142
taldr27,Diego Garcia,1,7,0,7.0,1363,0.2677916360968452,47,8,5.875,1,54,JavaScript,,,1,1,J,1.0,1.0,0,1092.0,False,0.0
tavolafourcade,Octavio Lafourcade,0,0,0,0.0,2169,0.0,36,5,7.2,0,36,,,,0,0,,0.0,0.0,0,,False,0.0
texai,Ernesto Anaya,0,0,0,0.0,5866,0.0,46,19,2.4210526315789473,0,46,,,,0,0,,0.0,0.0,0,,False,0.0
thainole,Thais Illescas,0,0,0,0.0,1892,0.0,43,39,1.1025641025641026,0,43,,,,0,0,,0.0,0.0,0,,False,0.0
totallynotdavid,David,3,25,4,8.333333333333334,3503,0.31258920924921496,55,268,0.20522388059701493,3,88,Python,TypeScript,JavaScript,3,2,J,1.0,1.0,13,6.0,True,0.6666666666666666
UltiRequiem,Eliaz Bobadilla,95,1175,470,12.368421052631579,1997,17.363545317976964,250,38,6.578947368421052,15,2365,TypeScript,Python,JavaScript,12,4,J,1.0,0.9789473684210527,108,3.0,True,0.24210526315789474
UNMSM-UPG-FISI,UNMSM - Maestría en Ingeniería de Software,0,0,0,0.0,3116,0.0,34,0,34.0,0,34,,,,0,0,,0.0,0.0,0,,False,0.0
UPC-ING-SW,UPC - Carrera de Ingeniería de Software,0,0,0,0.0,2181,0.0,74,0,74.0,0,74,,,,0,0,,0.0,0.0,0,,False,0.0
upc-is,Ingeniería de Software de la UPC,1,7,44,7.0,2152,0.1696096654275093,45,0,45.0,1,140,CSS,,,1,1,J,1.0,0.0,34,1231.0,False,0.0
UTPcursos,UTP CURSOS,0,0,0,0.0,901,0.0,54,0,54.0,0,54,,,,0,0,,0.0,0.0,0,,False,0.0
valec3,Victor Maye,0,0,0,0.0,1561,0.0,33,67,0.4925373134328358,0,33,,,,0,0,,0.0,0.0,0,,False,0.0
Vallejoanderson,Anderson Vallejo,0,0,0,0.0,2555,0.0,33,12,2.75,0,33,,,,0,0,,0.0,0.0,0,,False,0.0
Videmor,Jorge Crisóstomo,0,0,0,0.0,5467,0.0,42,40,1.05,0,42,,,,0,0,,0.0,0.0,0,,False,0.0
vikyale,Victoria Ubaldo,0,0,0,0.0,4332,0.0,68,202,0.33663366336633666,0,68,,,,0,0,,0.0,0.0,0,,False,0.0
Vilduis,Vilder Luis Sandoval Verde,0,0,0,0.0,1648,0.0,30,17,1.7647058823529411,0,30,,,,0,0,,0.0,0.0,0,,False,0.0
VilmaRomero,Vilma Romero,1,8,3,8.0,4295,0.08498253783469151,33,22,1.5,1,47,HTML,,,1,1,P,1.0,0.0,0,1819.0,False,0.0
VivianaGuerraCustodio,,0,0,0,0.0,2228,0.0,40,48,0.8333333333333334,0,40,,,,0,0,,0.0,0.0,0,,False,0.0
VScode,Victor Salazar,0,0,0,0.0,4265,0.0,47,3,15.666666666666666,0,47,,,,0,0,,0.0,0.0,0,,False,0.0
W4lker19,Walker19,1,20,4,20.0,2196,0.1662112932604736,52,83,0.6265060240963856,1,80,,,,0,1,J,1.0,0.0,0,1021.0,False,0.0
wajahat-ali-mir-dev,Wajahat Ali Mir,1,8,0,8.0,796,0.4585427135678392,162,1145,0.14148471615720523,1,170,Python,,,1,1,J,1.0,1.0,1,34.0,True,1.0
WelsTheory,Wels Theory,4,134,150,33.5,4809,0.30359742150135166,172,46,3.739130434782609,4,606,Assembly,SWIG,Makefile,3,2,M,0.75,0.0,0,889.0,False,0.0
Wesitos,Pedro Palacios Avila,0,0,0,0.0,5490,0.0,33,26,1.2692307692307692,0,33,,,,0,0,,0.0,0.0,0,,False,0.0
wilsonvargas,Wilson Vargas,6,190,58,31.666666666666668,3466,0.6318522792844778,45,5,9.0,6,351,C#,,,1,1,J,1.0,1.0,24,1066.0,False,0.0
wilsson,Wilson FT,5,62,26,12.4,4650,0.3924731182795699,42,51,0.8235294117647058,5,156,JavaScript,TypeScript,,2,1,J,1.0,0.8,9,52.0,True,0.2
xavimondev,Xavier Alfaro,12,400,42,33.333333333333336,2060,2.1262135922330097,63,17,3.7058823529411766,9,547,TypeScript,JavaScript,Svelte,3,4,J,1.0,0.75,1,49.0,True,0.25
xenda,Xenda,2,22,6,11.0,6432,0.1134950248756219,79,17,4.647058823529412,2,113,JavaScript,Ruby,,2,2,J,1.0,1.0,2,3771.0,False,0.0
xorb,Dany,0,0,0,0.0,2854,0.0,46,4,11.5,0,46,,,,0,0,,0.0,0.0,0,,False,0.0
Xpktro,Moisés Cachay Tello,4,60,8,15.0,5234,0.27894535727932745,112,25,4.48,4,188,Python,,,1,1,R,1.0,0.25,2,1576.0,False,0.0
xzitlou,Lou Alcalá,0,0,0,0.0,5008,0.0,41,4,10.25,0,41,,,,0,0,,0.0,0.0,0,,False,0.0
yaperos,Banco de Credito del Peru,1,17,506,17.0,1572,0.2321882951653944,207,0,207.0,1,1236,,,,0,1,K,1.0,0.0,70,574.0,False,0.0
ytarazona,Yonatan Tarazona Coronel,4,227,26,56.75,3602,0.4053303720155469,57,11,5.181818181818182,4,336,R,Python,Jupyter Notebook,3,2,A,1.0,1.0,1,479.0,False,0.0
yud-cumba,Yuditd Cumba,0,0,0,0.0,2228,0.0,42,31,1.3548387096774193,0,42,,,,0,0,,0.0,0.0,0,,False,0.0
yummta,Paul Portillo,0,0,0,0.0,4519,0.0,27,14,1.9285714285714286,0,27,,,,0,0,,0.0,0.0,0,,False,0.0
yuslinandev,<yuslinan.dev>,0,0,0,0.0,4330,0.0,38,0,38.0,0,38,,,,0,0,,0.0,0.0,0,,False,0.0
yusshu,Andre Roldan,0,0,0,0.0,2653,0.0,65,14,4.642857142857143,0,65,,,,0,0,,0.0,0.0,0,,False,0.0
zmandel,Zig Mandel,4,179,32,44.75,4695,0.31096911608093714,37,7,5.285714285714286,4,280,JavaScript,,,1,1,J,1.0,0.75,6,84.0,True,0.25
zodiacfireworks,Martín Josemaría,3,31,7,10.333333333333334,4632,0.23639896373056996,128,86,1.4883720930232558,3,173,C++,Jupyter Notebook,,2,2,M,1.0,0.6666666666666666,3,2394.0,False,0.0
